Model,Text1,Text2,Text3
ada,0.055245,0.09753,0.064305
curie,0.245725,0.18028,0.16126
davinci,0.100365,0.07839,0.31387
turbo,0.36367,0.364425,0.3344
