Model,Text1,Text2,Text3
ada,0.03135,0.028745,0.013685
curie,0.108675,0.095785,0.07258
davinci,0.16593,0.048555,0.162165
turbo,0.135565,0.16119,0.16709
