Model,Text1,Text2,Text3
ada,0.0191749999999999,0.019245,0.013885
curie,0.04428,0.03336,0.038935
davinci,0.128385,0.01445,0.127735
turbo,0.060075,0.112995,0.14588
